,Latitude ,Longitude,Lat,Lon,VIOLATION CRIMES,FELONY CRIMES,MISDEMEANOR CRIMES
0,40.8085213,-73.975951,40.8085213,-73.975951,0,0,0
1,40.8085213,-73.97010078,40.8085213,-73.97010078,45,97,137
2,40.81238209,-73.97010078,40.81238209,-73.97010078,0,0,0
3,40.81624288,-73.97010078,40.81624288,-73.97010078,0,0,0
4,40.8085213,-73.96425056,40.8085213,-73.96425056,130,418,585
5,40.81238209,-73.96425056,40.81238209,-73.96425056,94,240,367
6,40.81624288,-73.96425056,40.81624288,-73.96425056,73,161,365
7,40.82010367,-73.96425056,40.82010367,-73.96425056,13,46,130
8,40.82396446,-73.96425056,40.82396446,-73.96425056,0,0,0
9,40.8085213,-73.95840034,40.8085213,-73.95840034,267,597,1105
10,40.81238209,-73.95840034,40.81238209,-73.95840034,428,752,1588
11,40.81624288,-73.95840034,40.81624288,-73.95840034,492,784,1897
12,40.82010367,-73.95840034,40.82010367,-73.95840034,283,606,1448
13,40.82396446,-73.95840034,40.82396446,-73.95840034,152,358,952
14,40.82782525,-73.95840034,40.82782525,-73.95840034,9,16,45
15,40.83168604,-73.95840034,40.83168604,-73.95840034,0,0,0
16,40.83554683,-73.95840034,40.83554683,-73.95840034,0,0,0
17,40.8085213,-73.95255012,40.8085213,-73.95255012,672,1322,3504
18,40.81238209,-73.95255012,40.81238209,-73.95255012,777,1340,3373
19,40.81624288,-73.95255012,40.81624288,-73.95255012,644,1040,2357
20,40.82010367,-73.95255012,40.82010367,-73.95255012,544,971,2292
21,40.82396446,-73.95255012,40.82396446,-73.95255012,528,973,2378
22,40.82782525,-73.95255012,40.82782525,-73.95255012,337,594,1596
23,40.83168604,-73.95255012,40.83168604,-73.95255012,103,212,670
24,40.83554683,-73.95255012,40.83554683,-73.95255012,30,67,175
25,40.83940762,-73.95255012,40.83940762,-73.95255012,2,19,41
26,40.84326841,-73.95255012,40.84326841,-73.95255012,0,0,0
27,40.8471292,-73.95255012,40.8471292,-73.95255012,0,0,0
28,40.8085213,-73.9466999,40.8085213,-73.9466999,715,1442,3648
29,40.81238209,-73.9466999,40.81238209,-73.9466999,805,1418,3809
30,40.81624288,-73.9466999,40.81624288,-73.9466999,601,949,2148
31,40.82010367,-73.9466999,40.82010367,-73.9466999,598,1049,2414
32,40.82396446,-73.9466999,40.82396446,-73.9466999,773,1329,3141
33,40.82782525,-73.9466999,40.82782525,-73.9466999,685,1166,2947
34,40.83168604,-73.9466999,40.83168604,-73.9466999,516,858,1993
35,40.83554683,-73.9466999,40.83554683,-73.9466999,321,690,1279
36,40.83940762,-73.9466999,40.83940762,-73.9466999,161,380,676
37,40.84326841,-73.9466999,40.84326841,-73.9466999,37,129,214
38,40.8471292,-73.9466999,40.8471292,-73.9466999,15,47,82
39,40.85098999,-73.9466999,40.85098999,-73.9466999,15,21,31
40,40.85485078,-73.9466999,40.85485078,-73.9466999,0,0,0
41,40.85871157,-73.9466999,40.85871157,-73.9466999,0,0,0
42,40.8085213,-73.94084968,40.8085213,-73.94084968,638,1530,3655
43,40.81238209,-73.94084968,40.81238209,-73.94084968,602,1252,2787
44,40.81624288,-73.94084968,40.81624288,-73.94084968,641,1222,2457
45,40.82010367,-73.94084968,40.82010367,-73.94084968,798,1390,3159
46,40.82396446,-73.94084968,40.82396446,-73.94084968,810,1316,3132
47,40.82782525,-73.94084968,40.82782525,-73.94084968,759,1178,2873
48,40.83168604,-73.94084968,40.83168604,-73.94084968,676,1167,2644
49,40.83554683,-73.94084968,40.83554683,-73.94084968,462,997,1845
50,40.83940762,-73.94084968,40.83940762,-73.94084968,457,1072,2100
51,40.84326841,-73.94084968,40.84326841,-73.94084968,409,917,1679
52,40.8471292,-73.94084968,40.8471292,-73.94084968,322,705,1204
53,40.85098999,-73.94084968,40.85098999,-73.94084968,214,483,791
54,40.85485078,-73.94084968,40.85485078,-73.94084968,89,202,310
55,40.85871157,-73.94084968,40.85871157,-73.94084968,12,38,98
56,40.86257236,-73.94084968,40.86257236,-73.94084968,0,0,0
57,40.86643315,-73.94084968,40.86643315,-73.94084968,0,0,0
58,40.87029394,-73.94084968,40.87029394,-73.94084968,0,0,0
59,40.8085213,-73.93499946,40.8085213,-73.93499946,337,752,2466
60,40.81238209,-73.93499946,40.81238209,-73.93499946,266,694,2087
61,40.81624288,-73.93499946,40.81624288,-73.93499946,297,632,1370
62,40.82010367,-73.93499946,40.82010367,-73.93499946,313,601,1279
63,40.82396446,-73.93499946,40.82396446,-73.93499946,364,583,1366
64,40.82782525,-73.93499946,40.82782525,-73.93499946,428,655,1647
65,40.83168604,-73.93499946,40.83168604,-73.93499946,347,580,1391
66,40.83554683,-73.93499946,40.83554683,-73.93499946,254,425,1071
67,40.83940762,-73.93499946,40.83940762,-73.93499946,232,502,1034
68,40.84326841,-73.93499946,40.84326841,-73.93499946,379,864,1775
69,40.8471292,-73.93499946,40.8471292,-73.93499946,556,1261,2247
70,40.85098999,-73.93499946,40.85098999,-73.93499946,524,1209,2014
71,40.85485078,-73.93499946,40.85485078,-73.93499946,334,684,1238
72,40.85871157,-73.93499946,40.85871157,-73.93499946,102,282,539
73,40.86257236,-73.93499946,40.86257236,-73.93499946,30,90,184
74,40.86643315,-73.93499946,40.86643315,-73.93499946,11,47,138
75,40.87029394,-73.93499946,40.87029394,-73.93499946,4,17,56
76,40.87415473,-73.93499946,40.87415473,-73.93499946,0,0,0
77,40.87801552,-73.93499946,40.87801552,-73.93499946,0,0,0
78,40.8085213,-73.92914924,40.8085213,-73.92914924,274,630,1540
79,40.81238209,-73.92914924,40.81238209,-73.92914924,375,736,1799
80,40.81624288,-73.92914924,40.81624288,-73.92914924,262,551,1166
81,40.82010367,-73.92914924,40.82010367,-73.92914924,176,399,847
82,40.82396446,-73.92914924,40.82396446,-73.92914924,131,281,727
83,40.82782525,-73.92914924,40.82782525,-73.92914924,191,553,1146
84,40.83168604,-73.92914924,40.83168604,-73.92914924,253,559,1355
85,40.83554683,-73.92914924,40.83554683,-73.92914924,312,602,1497
86,40.83940762,-73.92914924,40.83940762,-73.92914924,258,436,1155
87,40.84326841,-73.92914924,40.84326841,-73.92914924,174,332,831
88,40.8471292,-73.92914924,40.8471292,-73.92914924,251,631,1145
89,40.85098999,-73.92914924,40.85098999,-73.92914924,374,823,1324
90,40.85485078,-73.92914924,40.85485078,-73.92914924,379,741,1245
91,40.85871157,-73.92914924,40.85871157,-73.92914924,316,710,1244
92,40.86257236,-73.92914924,40.86257236,-73.92914924,298,747,1320
93,40.86643315,-73.92914924,40.86643315,-73.92914924,192,447,808
94,40.87029394,-73.92914924,40.87029394,-73.92914924,46,132,234
95,40.87415473,-73.92914924,40.87415473,-73.92914924,0,0,0
96,40.87801552,-73.92914924,40.87801552,-73.92914924,0,0,0
97,40.88187631,-73.92914924,40.88187631,-73.92914924,0,0,0
98,40.8857371,-73.92914924,40.8857371,-73.92914924,0,0,0
99,40.88959789,-73.92914924,40.88959789,-73.92914924,0,0,0
100,40.8085213,-73.92329902,40.8085213,-73.92329902,617,1326,3164
101,40.81238209,-73.92329902,40.81238209,-73.92329902,656,1273,3294
102,40.81624288,-73.92329902,40.81624288,-73.92329902,612,1623,3391
103,40.82010367,-73.92329902,40.82010367,-73.92329902,452,910,2374
104,40.82396446,-73.92329902,40.82396446,-73.92329902,453,975,2009
105,40.82782525,-73.92329902,40.82782525,-73.92329902,423,1108,2137
106,40.83168604,-73.92329902,40.83168604,-73.92329902,475,1202,2239
107,40.83554683,-73.92329902,40.83554683,-73.92329902,448,1154,2771
108,40.83940762,-73.92329902,40.83940762,-73.92329902,464,1116,2741
109,40.84326841,-73.92329902,40.84326841,-73.92329902,278,715,1482
110,40.8471292,-73.92329902,40.8471292,-73.92329902,248,530,1137
111,40.85098999,-73.92329902,40.85098999,-73.92329902,343,527,1182
112,40.85485078,-73.92329902,40.85485078,-73.92329902,286,408,886
113,40.85871157,-73.92329902,40.85871157,-73.92329902,244,559,1059
114,40.86257236,-73.92329902,40.86257236,-73.92329902,425,1118,2014
115,40.86643315,-73.92329902,40.86643315,-73.92329902,394,1040,1672
116,40.87029394,-73.92329902,40.87029394,-73.92329902,131,375,489
117,40.87415473,-73.92329902,40.87415473,-73.92329902,4,24,23
118,40.87801552,-73.92329902,40.87801552,-73.92329902,6,41,106
119,40.88187631,-73.92329902,40.88187631,-73.92329902,7,41,97
120,40.8857371,-73.92329902,40.8857371,-73.92329902,3,10,19
121,40.88959789,-73.92329902,40.88959789,-73.92329902,0,0,0
122,40.89345868,-73.92329902,40.89345868,-73.92329902,0,0,0
123,40.89731947,-73.92329902,40.89731947,-73.92329902,0,0,0
124,40.90118026,-73.92329902,40.90118026,-73.92329902,0,0,0
125,40.90504105,-73.92329902,40.90504105,-73.92329902,0,0,0
126,40.8085213,-73.9174488,40.8085213,-73.9174488,681,1270,3154
127,40.81238209,-73.9174488,40.81238209,-73.9174488,529,1678,3424
128,40.81624288,-73.9174488,40.81624288,-73.9174488,530,1753,4013
129,40.82010367,-73.9174488,40.82010367,-73.9174488,627,1629,3623
130,40.82396446,-73.9174488,40.82396446,-73.9174488,582,1001,2357
131,40.82782525,-73.9174488,40.82782525,-73.9174488,615,1161,2508
132,40.83168604,-73.9174488,40.83168604,-73.9174488,620,1360,2478
133,40.83554683,-73.9174488,40.83554683,-73.9174488,593,1509,3195
134,40.83940762,-73.9174488,40.83940762,-73.9174488,525,1501,3365
135,40.84326841,-73.9174488,40.84326841,-73.9174488,408,1120,2331
136,40.8471292,-73.9174488,40.8471292,-73.9174488,424,899,1879
137,40.85098999,-73.9174488,40.85098999,-73.9174488,531,877,1793
138,40.85485078,-73.9174488,40.85485078,-73.9174488,235,461,865
139,40.85871157,-73.9174488,40.85871157,-73.9174488,75,234,477
140,40.86257236,-73.9174488,40.86257236,-73.9174488,167,612,1134
141,40.86643315,-73.9174488,40.86643315,-73.9174488,233,721,1085
142,40.87029394,-73.9174488,40.87029394,-73.9174488,156,417,533
143,40.87415473,-73.9174488,40.87415473,-73.9174488,66,162,245
144,40.87801552,-73.9174488,40.87801552,-73.9174488,67,129,241
145,40.88187631,-73.9174488,40.88187631,-73.9174488,43,155,250
146,40.8857371,-73.9174488,40.8857371,-73.9174488,39,123,188
147,40.88959789,-73.9174488,40.88959789,-73.9174488,22,61,69
148,40.89345868,-73.9174488,40.89345868,-73.9174488,5,23,34
149,40.89731947,-73.9174488,40.89731947,-73.9174488,0,2,5
150,40.90118026,-73.9174488,40.90118026,-73.9174488,0,0,7
151,40.90504105,-73.9174488,40.90504105,-73.9174488,0,0,8
152,40.90890184,-73.9174488,40.90890184,-73.9174488,0,0,0
153,40.91276263,-73.9174488,40.91276263,-73.9174488,0,0,0
154,40.91662342,-73.9174488,40.91662342,-73.9174488,0,0,0
155,40.8085213,-73.91159858,40.8085213,-73.91159858,317,658,1594
156,40.81238209,-73.91159858,40.81238209,-73.91159858,419,950,2753
157,40.81624288,-73.91159858,40.81624288,-73.91159858,514,1224,3334
158,40.82010367,-73.91159858,40.82010367,-73.91159858,432,909,2244
159,40.82396446,-73.91159858,40.82396446,-73.91159858,509,916,2119
160,40.82782525,-73.91159858,40.82782525,-73.91159858,533,1005,2139
161,40.83168604,-73.91159858,40.83168604,-73.91159858,591,1139,2654
162,40.83554683,-73.91159858,40.83554683,-73.91159858,689,1532,3082
163,40.83940762,-73.91159858,40.83940762,-73.91159858,595,1431,2884
164,40.84326841,-73.91159858,40.84326841,-73.91159858,477,1089,2262
165,40.8471292,-73.91159858,40.8471292,-73.91159858,569,1217,2677
166,40.85098999,-73.91159858,40.85098999,-73.91159858,592,1170,2324
167,40.85485078,-73.91159858,40.85485078,-73.91159858,369,738,1602
168,40.85871157,-73.91159858,40.85871157,-73.91159858,255,543,1255
169,40.86257236,-73.91159858,40.86257236,-73.91159858,156,385,830
170,40.86643315,-73.91159858,40.86643315,-73.91159858,37,133,236
171,40.87029394,-73.91159858,40.87029394,-73.91159858,108,291,1275
172,40.87415473,-73.91159858,40.87415473,-73.91159858,271,412,1580
173,40.87801552,-73.91159858,40.87801552,-73.91159858,265,454,864
174,40.88187631,-73.91159858,40.88187631,-73.91159858,123,295,512
175,40.8857371,-73.91159858,40.8857371,-73.91159858,66,245,418
176,40.88959789,-73.91159858,40.88959789,-73.91159858,55,187,282
177,40.89345868,-73.91159858,40.89345868,-73.91159858,20,73,72
178,40.89731947,-73.91159858,40.89731947,-73.91159858,6,19,35
179,40.90118026,-73.91159858,40.90118026,-73.91159858,8,23,57
180,40.90504105,-73.91159858,40.90504105,-73.91159858,11,27,43
181,40.90890184,-73.91159858,40.90890184,-73.91159858,15,33,42
182,40.91276263,-73.91159858,40.91276263,-73.91159858,4,4,10
183,40.8085213,-73.90574836,40.8085213,-73.90574836,115,377,714
184,40.81238209,-73.90574836,40.81238209,-73.90574836,441,977,2379
185,40.81624288,-73.90574836,40.81624288,-73.90574836,583,1175,2849
186,40.82010367,-73.90574836,40.82010367,-73.90574836,547,1085,2487
187,40.82396446,-73.90574836,40.82396446,-73.90574836,552,921,2186
188,40.82782525,-73.90574836,40.82782525,-73.90574836,516,866,2236
189,40.83168604,-73.90574836,40.83168604,-73.90574836,637,1152,2965
190,40.83554683,-73.90574836,40.83554683,-73.90574836,602,1186,2943
191,40.83940762,-73.90574836,40.83940762,-73.90574836,368,763,1852
192,40.84326841,-73.90574836,40.84326841,-73.90574836,328,892,1957
193,40.8471292,-73.90574836,40.8471292,-73.90574836,597,1373,3040
194,40.85098999,-73.90574836,40.85098999,-73.90574836,719,1482,3309
195,40.85485078,-73.90574836,40.85485078,-73.90574836,783,1458,3321
196,40.85871157,-73.90574836,40.85871157,-73.90574836,617,1226,2862
197,40.86257236,-73.90574836,40.86257236,-73.90574836,526,1262,2662
198,40.86643315,-73.90574836,40.86643315,-73.90574836,231,654,1364
199,40.87029394,-73.90574836,40.87029394,-73.90574836,191,471,1639
200,40.87415473,-73.90574836,40.87415473,-73.90574836,385,696,2195
201,40.87801552,-73.90574836,40.87801552,-73.90574836,418,690,1485
202,40.88187631,-73.90574836,40.88187631,-73.90574836,238,539,1172
203,40.8857371,-73.90574836,40.8857371,-73.90574836,141,368,838
204,40.88959789,-73.90574836,40.88959789,-73.90574836,46,171,270
205,40.89345868,-73.90574836,40.89345868,-73.90574836,17,55,70
206,40.89731947,-73.90574836,40.89731947,-73.90574836,5,27,45
207,40.90118026,-73.90574836,40.90118026,-73.90574836,16,64,110
208,40.90504105,-73.90574836,40.90504105,-73.90574836,36,117,187
209,40.90890184,-73.90574836,40.90890184,-73.90574836,35,90,137
210,40.91276263,-73.90574836,40.91276263,-73.90574836,13,23,51
211,40.8085213,-73.89989814,40.8085213,-73.89989814,34,100,157
212,40.81238209,-73.89989814,40.81238209,-73.89989814,292,632,1191
213,40.81624288,-73.89989814,40.81624288,-73.89989814,576,1158,2395
214,40.82010367,-73.89989814,40.82010367,-73.89989814,720,1268,2642
215,40.82396446,-73.89989814,40.82396446,-73.89989814,702,1208,2823
216,40.82782525,-73.89989814,40.82782525,-73.89989814,592,997,2396
217,40.83168604,-73.89989814,40.83168604,-73.89989814,491,868,2066
218,40.83554683,-73.89989814,40.83554683,-73.89989814,395,621,1766
219,40.83940762,-73.89989814,40.83940762,-73.89989814,210,381,971
220,40.84326841,-73.89989814,40.84326841,-73.89989814,226,558,1339
221,40.8471292,-73.89989814,40.8471292,-73.89989814,451,879,2108
222,40.85098999,-73.89989814,40.85098999,-73.89989814,627,1107,2513
223,40.85485078,-73.89989814,40.85485078,-73.89989814,811,1343,3195
224,40.85871157,-73.89989814,40.85871157,-73.89989814,988,2015,4082
225,40.86257236,-73.89989814,40.86257236,-73.89989814,692,1943,3768
226,40.86643315,-73.89989814,40.86643315,-73.89989814,443,1452,2632
227,40.87029394,-73.89989814,40.87029394,-73.89989814,309,767,1444
228,40.87415473,-73.89989814,40.87415473,-73.89989814,253,439,971
229,40.87801552,-73.89989814,40.87801552,-73.89989814,191,418,972
230,40.88187631,-73.89989814,40.88187631,-73.89989814,215,477,1076
231,40.8857371,-73.89989814,40.8857371,-73.89989814,159,390,813
232,40.88959789,-73.89989814,40.88959789,-73.89989814,46,170,354
233,40.89345868,-73.89989814,40.89345868,-73.89989814,39,131,223
234,40.89731947,-73.89989814,40.89731947,-73.89989814,15,72,123
235,40.90118026,-73.89989814,40.90118026,-73.89989814,12,83,136
236,40.90504105,-73.89989814,40.90504105,-73.89989814,35,141,260
237,40.90890184,-73.89989814,40.90890184,-73.89989814,41,140,273
238,40.8085213,-73.89404792,40.8085213,-73.89404792,6,64,54
239,40.81238209,-73.89404792,40.81238209,-73.89404792,90,287,609
240,40.81624288,-73.89404792,40.81624288,-73.89404792,398,857,1796
241,40.82010367,-73.89404792,40.82010367,-73.89404792,680,1419,3004
242,40.82396446,-73.89404792,40.82396446,-73.89404792,748,1488,3111
243,40.82782525,-73.89404792,40.82782525,-73.89404792,517,1095,2031
244,40.83168604,-73.89404792,40.83168604,-73.89404792,373,709,1506
245,40.83554683,-73.89404792,40.83554683,-73.89404792,225,403,896
246,40.83940762,-73.89404792,40.83940762,-73.89404792,209,389,834
247,40.84326841,-73.89404792,40.84326841,-73.89404792,306,766,1782
248,40.8471292,-73.89404792,40.8471292,-73.89404792,397,988,2142
249,40.85098999,-73.89404792,40.85098999,-73.89404792,434,933,1995
250,40.85485078,-73.89404792,40.85485078,-73.89404792,567,1164,2358
251,40.85871157,-73.89404792,40.85871157,-73.89404792,707,1886,3684
252,40.86257236,-73.89404792,40.86257236,-73.89404792,702,2177,4232
253,40.86643315,-73.89404792,40.86643315,-73.89404792,537,1716,3141
254,40.87029394,-73.89404792,40.87029394,-73.89404792,334,1061,1706
255,40.87415473,-73.89404792,40.87415473,-73.89404792,77,234,520
256,40.87801552,-73.89404792,40.87801552,-73.89404792,38,102,216
257,40.88187631,-73.89404792,40.88187631,-73.89404792,101,215,428
258,40.8857371,-73.89404792,40.8857371,-73.89404792,78,159,316
259,40.88959789,-73.89404792,40.88959789,-73.89404792,26,86,138
260,40.89345868,-73.89404792,40.89345868,-73.89404792,19,40,108
261,40.89731947,-73.89404792,40.89731947,-73.89404792,15,60,110
262,40.90118026,-73.89404792,40.90118026,-73.89404792,9,49,88
263,40.90504105,-73.89404792,40.90504105,-73.89404792,16,62,135
264,40.90890184,-73.89404792,40.90890184,-73.89404792,19,60,136
265,40.8085213,-73.8881977,40.8085213,-73.8881977,28,130,169
266,40.81238209,-73.8881977,40.81238209,-73.8881977,179,420,809
267,40.81624288,-73.8881977,40.81624288,-73.8881977,368,781,1590
268,40.82010367,-73.8881977,40.82010367,-73.8881977,502,1045,2336
269,40.82396446,-73.8881977,40.82396446,-73.8881977,487,1143,2173
270,40.82782525,-73.8881977,40.82782525,-73.8881977,373,825,1407
271,40.83168604,-73.8881977,40.83168604,-73.8881977,328,658,1318
272,40.83554683,-73.8881977,40.83554683,-73.8881977,313,597,1397
273,40.83940762,-73.8881977,40.83940762,-73.8881977,365,774,1727
274,40.84326841,-73.8881977,40.84326841,-73.8881977,429,1072,2321
275,40.8471292,-73.8881977,40.8471292,-73.8881977,469,1189,2533
276,40.85098999,-73.8881977,40.85098999,-73.8881977,499,1137,2405
277,40.85485078,-73.8881977,40.85485078,-73.8881977,482,1296,2360
278,40.85871157,-73.8881977,40.85871157,-73.8881977,321,1034,2136
279,40.86257236,-73.8881977,40.86257236,-73.8881977,327,907,2286
280,40.86643315,-73.8881977,40.86643315,-73.8881977,380,1051,2137
281,40.87029394,-73.8881977,40.87029394,-73.8881977,299,871,1547
282,40.87415473,-73.8881977,40.87415473,-73.8881977,215,533,1005
283,40.87801552,-73.8881977,40.87801552,-73.8881977,195,352,702
284,40.88187631,-73.8881977,40.88187631,-73.8881977,189,341,691
285,40.8857371,-73.8881977,40.8857371,-73.8881977,104,115,257
286,40.88959789,-73.8881977,40.88959789,-73.8881977,0,0,0
287,40.89345868,-73.8881977,40.89345868,-73.8881977,0,0,0
288,40.89731947,-73.8881977,40.89731947,-73.8881977,0,0,0
289,40.90118026,-73.8881977,40.90118026,-73.8881977,0,2,3
290,40.90504105,-73.8881977,40.90504105,-73.8881977,0,2,3
291,40.8085213,-73.88234748,40.8085213,-73.88234748,22,127,138
292,40.81238209,-73.88234748,40.81238209,-73.88234748,99,276,432
293,40.81624288,-73.88234748,40.81624288,-73.88234748,161,346,606
294,40.82010367,-73.88234748,40.82010367,-73.88234748,129,360,648
295,40.82396446,-73.88234748,40.82396446,-73.88234748,260,589,1178
296,40.82782525,-73.88234748,40.82782525,-73.88234748,353,816,1593
297,40.83168604,-73.88234748,40.83168604,-73.88234748,322,589,1330
298,40.83554683,-73.88234748,40.83554683,-73.88234748,255,487,1260
299,40.83940762,-73.88234748,40.83940762,-73.88234748,274,707,1686
300,40.84326841,-73.88234748,40.84326841,-73.88234748,420,1017,2292
301,40.8471292,-73.88234748,40.8471292,-73.88234748,299,724,1650
302,40.85098999,-73.88234748,40.85098999,-73.88234748,329,686,1475
303,40.85485078,-73.88234748,40.85485078,-73.88234748,305,779,1478
304,40.85871157,-73.88234748,40.85871157,-73.88234748,140,391,640
305,40.86257236,-73.88234748,40.86257236,-73.88234748,12,54,129
306,40.86643315,-73.88234748,40.86643315,-73.88234748,106,365,761
307,40.87029394,-73.88234748,40.87029394,-73.88234748,277,761,1459
308,40.87415473,-73.88234748,40.87415473,-73.88234748,364,835,1483
309,40.87801552,-73.88234748,40.87801552,-73.88234748,312,730,1402
310,40.88187631,-73.88234748,40.88187631,-73.88234748,356,643,1290
311,40.8857371,-73.88234748,40.8857371,-73.88234748,173,373,721
312,40.88959789,-73.88234748,40.88959789,-73.88234748,7,55,80
313,40.89345868,-73.88234748,40.89345868,-73.88234748,2,27,53
314,40.89731947,-73.88234748,40.89731947,-73.88234748,4,19,48
315,40.90118026,-73.88234748,40.90118026,-73.88234748,0,0,1
316,40.90504105,-73.88234748,40.90504105,-73.88234748,0,0,2
317,40.8085213,-73.87649726,40.8085213,-73.87649726,16,61,43
318,40.81238209,-73.87649726,40.81238209,-73.87649726,3,32,22
319,40.81624288,-73.87649726,40.81624288,-73.87649726,15,36,80
320,40.82010367,-73.87649726,40.82010367,-73.87649726,88,210,426
321,40.82396446,-73.87649726,40.82396446,-73.87649726,361,808,1617
322,40.82782525,-73.87649726,40.82782525,-73.87649726,558,1321,2540
323,40.83168604,-73.87649726,40.83168604,-73.87649726,501,1088,2309
324,40.83554683,-73.87649726,40.83554683,-73.87649726,272,447,1063
325,40.83940762,-73.87649726,40.83940762,-73.87649726,241,505,1140
326,40.84326841,-73.87649726,40.84326841,-73.87649726,265,606,1256
327,40.8471292,-73.87649726,40.8471292,-73.87649726,76,178,377
328,40.85098999,-73.87649726,40.85098999,-73.87649726,14,34,49
329,40.85485078,-73.87649726,40.85485078,-73.87649726,26,67,149
330,40.85871157,-73.87649726,40.85871157,-73.87649726,6,17,43
331,40.86257236,-73.87649726,40.86257236,-73.87649726,3,6,9
332,40.86643315,-73.87649726,40.86643315,-73.87649726,49,146,361
333,40.87029394,-73.87649726,40.87029394,-73.87649726,193,521,985
334,40.87415473,-73.87649726,40.87415473,-73.87649726,298,719,1313
335,40.87801552,-73.87649726,40.87801552,-73.87649726,336,771,1438
336,40.88187631,-73.87649726,40.88187631,-73.87649726,283,652,1146
337,40.8857371,-73.87649726,40.8857371,-73.87649726,99,219,376
338,40.88959789,-73.87649726,40.88959789,-73.87649726,10,61,90
339,40.89345868,-73.87649726,40.89345868,-73.87649726,6,43,84
340,40.89731947,-73.87649726,40.89731947,-73.87649726,20,54,122
341,40.90118026,-73.87649726,40.90118026,-73.87649726,7,19,45
342,40.90504105,-73.87649726,40.90504105,-73.87649726,0,0,2
343,40.8085213,-73.87064704,40.8085213,-73.87064704,0,0,0
344,40.81238209,-73.87064704,40.81238209,-73.87064704,6,3,25
345,40.81624288,-73.87064704,40.81624288,-73.87064704,165,243,617
346,40.82010367,-73.87064704,40.82010367,-73.87064704,285,514,1329
347,40.82396446,-73.87064704,40.82396446,-73.87064704,341,631,1559
348,40.82782525,-73.87064704,40.82782525,-73.87064704,397,878,1910
349,40.83168604,-73.87064704,40.83168604,-73.87064704,336,854,1568
350,40.83554683,-73.87064704,40.83554683,-73.87064704,347,623,1321
351,40.83940762,-73.87064704,40.83940762,-73.87064704,297,538,1237
352,40.84326841,-73.87064704,40.84326841,-73.87064704,202,375,897
353,40.8471292,-73.87064704,40.8471292,-73.87064704,101,241,509
354,40.85098999,-73.87064704,40.85098999,-73.87064704,89,247,595
355,40.85485078,-73.87064704,40.85485078,-73.87064704,109,284,773
356,40.85871157,-73.87064704,40.85871157,-73.87064704,143,288,762
357,40.86257236,-73.87064704,40.86257236,-73.87064704,186,357,940
358,40.86643315,-73.87064704,40.86643315,-73.87064704,226,419,1121
359,40.87029394,-73.87064704,40.87029394,-73.87064704,216,431,1000
360,40.87415473,-73.87064704,40.87415473,-73.87064704,197,448,896
361,40.87801552,-73.87064704,40.87801552,-73.87064704,239,512,1023
362,40.88187631,-73.87064704,40.88187631,-73.87064704,112,293,543
363,40.8857371,-73.87064704,40.8857371,-73.87064704,19,70,121
364,40.88959789,-73.87064704,40.88959789,-73.87064704,5,11,29
365,40.89345868,-73.87064704,40.89345868,-73.87064704,12,28,57
366,40.89731947,-73.87064704,40.89731947,-73.87064704,42,112,202
367,40.90118026,-73.87064704,40.90118026,-73.87064704,37,89,158
368,40.8085213,-73.86479682,40.8085213,-73.86479682,1,5,8
369,40.81238209,-73.86479682,40.81238209,-73.86479682,102,149,370
370,40.81624288,-73.86479682,40.81624288,-73.86479682,261,392,947
371,40.82010367,-73.86479682,40.82010367,-73.86479682,405,651,1543
372,40.82396446,-73.86479682,40.82396446,-73.86479682,384,652,1684
373,40.82782525,-73.86479682,40.82782525,-73.86479682,313,630,1360
374,40.83168604,-73.86479682,40.83168604,-73.86479682,264,694,1275
375,40.83554683,-73.86479682,40.83554683,-73.86479682,327,807,1742
376,40.83940762,-73.86479682,40.83940762,-73.86479682,335,677,1709
377,40.84326841,-73.86479682,40.84326841,-73.86479682,250,472,1167
378,40.8471292,-73.86479682,40.8471292,-73.86479682,188,380,880
379,40.85098999,-73.86479682,40.85098999,-73.86479682,178,421,929
380,40.85485078,-73.86479682,40.85485078,-73.86479682,237,492,1253
381,40.85871157,-73.86479682,40.85871157,-73.86479682,245,450,1251
382,40.86257236,-73.86479682,40.86257236,-73.86479682,329,527,1460
383,40.86643315,-73.86479682,40.86643315,-73.86479682,346,649,1702
384,40.87029394,-73.86479682,40.87029394,-73.86479682,281,529,1113
385,40.87415473,-73.86479682,40.87415473,-73.86479682,300,545,1057
386,40.87801552,-73.86479682,40.87801552,-73.86479682,322,605,1132
387,40.88187631,-73.86479682,40.88187631,-73.86479682,257,616,991
388,40.8857371,-73.86479682,40.8857371,-73.86479682,201,532,974
389,40.88959789,-73.86479682,40.88959789,-73.86479682,185,377,804
390,40.89345868,-73.86479682,40.89345868,-73.86479682,101,204,409
391,40.89731947,-73.86479682,40.89731947,-73.86479682,64,186,327
392,40.90118026,-73.86479682,40.90118026,-73.86479682,37,108,186
393,40.8085213,-73.8589466,40.8085213,-73.8589466,60,94,173
394,40.81238209,-73.8589466,40.81238209,-73.8589466,142,192,401
395,40.81624288,-73.8589466,40.81624288,-73.8589466,160,251,533
396,40.82010367,-73.8589466,40.82010367,-73.8589466,271,370,870
397,40.82396446,-73.8589466,40.82396446,-73.8589466,292,469,1203
398,40.82782525,-73.8589466,40.82782525,-73.8589466,238,472,1139
399,40.83168604,-73.8589466,40.83168604,-73.8589466,244,587,1177
400,40.83554683,-73.8589466,40.83554683,-73.8589466,315,704,1579
401,40.83940762,-73.8589466,40.83940762,-73.8589466,285,572,1366
402,40.84326841,-73.8589466,40.84326841,-73.8589466,162,333,743
403,40.8471292,-73.8589466,40.8471292,-73.8589466,117,227,520
404,40.85098999,-73.8589466,40.85098999,-73.8589466,127,253,543
405,40.85485078,-73.8589466,40.85485078,-73.8589466,116,237,575
406,40.85871157,-73.8589466,40.85871157,-73.8589466,157,247,684
407,40.86257236,-73.8589466,40.86257236,-73.8589466,173,258,762
408,40.86643315,-73.8589466,40.86643315,-73.8589466,156,316,775
409,40.87029394,-73.8589466,40.87029394,-73.8589466,133,300,740
410,40.87415473,-73.8589466,40.87415473,-73.8589466,215,355,794
411,40.87801552,-73.8589466,40.87801552,-73.8589466,291,493,984
412,40.88187631,-73.8589466,40.88187631,-73.8589466,272,590,989
413,40.8857371,-73.8589466,40.8857371,-73.8589466,289,705,1297
414,40.88959789,-73.8589466,40.88959789,-73.8589466,316,717,1526
415,40.89345868,-73.8589466,40.89345868,-73.8589466,248,530,1104
416,40.89731947,-73.8589466,40.89731947,-73.8589466,181,494,873
417,40.90118026,-73.8589466,40.90118026,-73.8589466,79,223,385
418,40.8085213,-73.85309638,40.8085213,-73.85309638,69,107,222
419,40.81238209,-73.85309638,40.81238209,-73.85309638,117,156,353
420,40.81624288,-73.85309638,40.81624288,-73.85309638,182,331,661
421,40.82010367,-73.85309638,40.82010367,-73.85309638,254,439,928
422,40.82396446,-73.85309638,40.82396446,-73.85309638,248,424,1104
423,40.82782525,-73.85309638,40.82782525,-73.85309638,209,415,934
424,40.83168604,-73.85309638,40.83168604,-73.85309638,270,562,1081
425,40.83554683,-73.85309638,40.83554683,-73.85309638,269,532,1071
426,40.83940762,-73.85309638,40.83940762,-73.85309638,299,452,973
427,40.84326841,-73.85309638,40.84326841,-73.85309638,162,253,595
428,40.8471292,-73.85309638,40.8471292,-73.85309638,84,198,414
429,40.85098999,-73.85309638,40.85098999,-73.85309638,75,166,423
430,40.85485078,-73.85309638,40.85485078,-73.85309638,50,160,361
431,40.85871157,-73.85309638,40.85871157,-73.85309638,68,170,395
432,40.86257236,-73.85309638,40.86257236,-73.85309638,80,180,365
433,40.86643315,-73.85309638,40.86643315,-73.85309638,84,204,435
434,40.87029394,-73.85309638,40.87029394,-73.85309638,138,309,830
435,40.87415473,-73.85309638,40.87415473,-73.85309638,178,368,881
436,40.87801552,-73.85309638,40.87801552,-73.85309638,172,359,734
437,40.88187631,-73.85309638,40.88187631,-73.85309638,191,372,698
438,40.8857371,-73.85309638,40.8857371,-73.85309638,206,405,776
439,40.88959789,-73.85309638,40.88959789,-73.85309638,184,416,688
440,40.89345868,-73.85309638,40.89345868,-73.85309638,185,468,870
441,40.89731947,-73.85309638,40.89731947,-73.85309638,162,423,740
442,40.90118026,-73.85309638,40.90118026,-73.85309638,156,447,709
443,40.90504105,-73.85309638,40.90504105,-73.85309638,99,304,497
444,40.90890184,-73.85309638,40.90890184,-73.85309638,10,72,117
445,40.8085213,-73.84724616,40.8085213,-73.84724616,18,40,102
446,40.81238209,-73.84724616,40.81238209,-73.84724616,39,70,171
447,40.81624288,-73.84724616,40.81624288,-73.84724616,184,342,752
448,40.82010367,-73.84724616,40.82010367,-73.84724616,258,465,986
449,40.82396446,-73.84724616,40.82396446,-73.84724616,157,259,583
450,40.82782525,-73.84724616,40.82782525,-73.84724616,133,223,481
451,40.83168604,-73.84724616,40.83168604,-73.84724616,162,323,651
452,40.83554683,-73.84724616,40.83554683,-73.84724616,198,393,803
453,40.83940762,-73.84724616,40.83940762,-73.84724616,272,428,861
454,40.84326841,-73.84724616,40.84326841,-73.84724616,198,325,694
455,40.8471292,-73.84724616,40.8471292,-73.84724616,106,207,528
456,40.85098999,-73.84724616,40.85098999,-73.84724616,47,153,400
457,40.85485078,-73.84724616,40.85485078,-73.84724616,62,158,458
458,40.85871157,-73.84724616,40.85871157,-73.84724616,68,165,452
459,40.86257236,-73.84724616,40.86257236,-73.84724616,64,130,308
460,40.86643315,-73.84724616,40.86643315,-73.84724616,91,220,458
461,40.87029394,-73.84724616,40.87029394,-73.84724616,116,293,690
462,40.87415473,-73.84724616,40.87415473,-73.84724616,160,388,783
463,40.87801552,-73.84724616,40.87801552,-73.84724616,166,359,614
464,40.88187631,-73.84724616,40.88187631,-73.84724616,200,295,730
465,40.8857371,-73.84724616,40.8857371,-73.84724616,327,444,1095
466,40.88959789,-73.84724616,40.88959789,-73.84724616,293,454,929
467,40.89345868,-73.84724616,40.89345868,-73.84724616,93,233,385
468,40.89731947,-73.84724616,40.89731947,-73.84724616,75,216,389
469,40.90118026,-73.84724616,40.90118026,-73.84724616,123,336,516
470,40.90504105,-73.84724616,40.90504105,-73.84724616,102,308,461
471,40.8085213,-73.84139594,40.8085213,-73.84139594,0,0,0
472,40.81238209,-73.84139594,40.81238209,-73.84139594,6,15,30
473,40.81624288,-73.84139594,40.81624288,-73.84139594,65,104,247
474,40.82010367,-73.84139594,40.82010367,-73.84139594,59,95,221
475,40.82396446,-73.84139594,40.82396446,-73.84139594,38,82,289
476,40.82782525,-73.84139594,40.82782525,-73.84139594,35,67,225
477,40.83168604,-73.84139594,40.83168604,-73.84139594,38,65,268
478,40.83554683,-73.84139594,40.83554683,-73.84139594,76,136,320
479,40.83940762,-73.84139594,40.83940762,-73.84139594,183,310,673
480,40.84326841,-73.84139594,40.84326841,-73.84139594,171,277,576
481,40.8471292,-73.84139594,40.8471292,-73.84139594,47,108,290
482,40.85098999,-73.84139594,40.85098999,-73.84139594,29,75,170
483,40.85485078,-73.84139594,40.85485078,-73.84139594,61,104,272
484,40.85871157,-73.84139594,40.85871157,-73.84139594,87,122,337
485,40.86257236,-73.84139594,40.86257236,-73.84139594,76,100,242
486,40.86643315,-73.84139594,40.86643315,-73.84139594,75,143,330
487,40.87029394,-73.84139594,40.87029394,-73.84139594,91,216,434
488,40.87415473,-73.84139594,40.87415473,-73.84139594,84,213,334
489,40.87801552,-73.84139594,40.87801552,-73.84139594,108,258,430
490,40.88187631,-73.84139594,40.88187631,-73.84139594,104,210,395
491,40.8857371,-73.84139594,40.8857371,-73.84139594,194,259,649
492,40.88959789,-73.84139594,40.88959789,-73.84139594,162,271,548
493,40.89345868,-73.84139594,40.89345868,-73.84139594,66,168,296
494,40.89731947,-73.84139594,40.89731947,-73.84139594,48,133,223
495,40.90118026,-73.84139594,40.90118026,-73.84139594,38,116,156
496,40.8085213,-73.83554572,40.8085213,-73.83554572,0,0,0
497,40.81238209,-73.83554572,40.81238209,-73.83554572,0,2,5
498,40.81624288,-73.83554572,40.81624288,-73.83554572,16,17,43
499,40.82010367,-73.83554572,40.82010367,-73.83554572,19,40,145
500,40.82396446,-73.83554572,40.82396446,-73.83554572,10,31,124
501,40.82782525,-73.83554572,40.82782525,-73.83554572,33,68,302
502,40.83168604,-73.83554572,40.83168604,-73.83554572,8,19,69
503,40.83554683,-73.83554572,40.83554683,-73.83554572,89,108,276
504,40.83940762,-73.83554572,40.83940762,-73.83554572,158,199,511
505,40.84326841,-73.83554572,40.84326841,-73.83554572,160,234,513
506,40.8471292,-73.83554572,40.8471292,-73.83554572,111,191,346
507,40.85098999,-73.83554572,40.85098999,-73.83554572,59,98,187
508,40.85485078,-73.83554572,40.85485078,-73.83554572,40,67,135
509,40.85871157,-73.83554572,40.85871157,-73.83554572,27,53,103
510,40.86257236,-73.83554572,40.86257236,-73.83554572,53,117,368
511,40.86643315,-73.83554572,40.86643315,-73.83554572,82,206,637
512,40.87029394,-73.83554572,40.87029394,-73.83554572,136,243,439
513,40.87415473,-73.83554572,40.87415473,-73.83554572,117,189,378
514,40.87801552,-73.83554572,40.87801552,-73.83554572,129,243,483
515,40.88187631,-73.83554572,40.88187631,-73.83554572,137,275,586
516,40.8857371,-73.83554572,40.8857371,-73.83554572,110,215,375
517,40.88959789,-73.83554572,40.88959789,-73.83554572,68,163,252
518,40.8085213,-73.8296955,40.8085213,-73.8296955,0,4,4
519,40.81238209,-73.8296955,40.81238209,-73.8296955,27,28,49
520,40.81624288,-73.8296955,40.81624288,-73.8296955,24,18,45
521,40.82010367,-73.8296955,40.82010367,-73.8296955,72,77,252
522,40.82396446,-73.8296955,40.82396446,-73.8296955,127,97,313
523,40.82782525,-73.8296955,40.82782525,-73.8296955,101,167,388
524,40.83168604,-73.8296955,40.83168604,-73.8296955,120,180,437
525,40.83554683,-73.8296955,40.83554683,-73.8296955,121,124,313
526,40.83940762,-73.8296955,40.83940762,-73.8296955,134,160,358
527,40.84326841,-73.8296955,40.84326841,-73.8296955,140,215,451
528,40.8471292,-73.8296955,40.8471292,-73.8296955,137,232,449
529,40.85098999,-73.8296955,40.85098999,-73.8296955,123,201,390
530,40.85485078,-73.8296955,40.85485078,-73.8296955,74,113,227
531,40.85871157,-73.8296955,40.85871157,-73.8296955,25,60,131
532,40.86257236,-73.8296955,40.86257236,-73.8296955,42,103,322
533,40.86643315,-73.8296955,40.86643315,-73.8296955,71,181,592
534,40.87029394,-73.8296955,40.87029394,-73.8296955,105,248,619
535,40.87415473,-73.8296955,40.87415473,-73.8296955,171,238,435
536,40.87801552,-73.8296955,40.87801552,-73.8296955,150,265,491
537,40.88187631,-73.8296955,40.88187631,-73.8296955,144,272,545
538,40.8857371,-73.8296955,40.8857371,-73.8296955,137,309,528
539,40.88959789,-73.8296955,40.88959789,-73.8296955,43,157,217
540,40.8085213,-73.82384528,40.8085213,-73.82384528,2,7,7
541,40.81238209,-73.82384528,40.81238209,-73.82384528,56,60,108
542,40.81624288,-73.82384528,40.81624288,-73.82384528,155,156,382
543,40.82010367,-73.82384528,40.82010367,-73.82384528,240,215,659
544,40.82396446,-73.82384528,40.82396446,-73.82384528,259,260,743
545,40.82782525,-73.82384528,40.82782525,-73.82384528,187,248,536
546,40.83168604,-73.82384528,40.83168604,-73.82384528,134,203,472
547,40.83554683,-73.82384528,40.83554683,-73.82384528,81,100,226
548,40.83940762,-73.82384528,40.83940762,-73.82384528,77,112,201
549,40.84326841,-73.82384528,40.84326841,-73.82384528,72,131,246
550,40.8471292,-73.82384528,40.8471292,-73.82384528,78,104,225
551,40.85098999,-73.82384528,40.85098999,-73.82384528,54,79,166
552,40.85485078,-73.82384528,40.85485078,-73.82384528,28,60,106
553,40.85871157,-73.82384528,40.85871157,-73.82384528,25,43,96
554,40.86257236,-73.82384528,40.86257236,-73.82384528,74,121,221
555,40.86643315,-73.82384528,40.86643315,-73.82384528,112,305,1166
556,40.87029394,-73.82384528,40.87029394,-73.82384528,113,303,1177
557,40.87415473,-73.82384528,40.87415473,-73.82384528,82,141,222
558,40.87801552,-73.82384528,40.87801552,-73.82384528,81,157,272
559,40.88187631,-73.82384528,40.88187631,-73.82384528,60,141,243
560,40.8857371,-73.82384528,40.8857371,-73.82384528,17,112,158
561,40.88959789,-73.82384528,40.88959789,-73.82384528,11,49,76
562,40.8085213,-73.81799506,40.8085213,-73.81799506,0,0,0
563,40.81238209,-73.81799506,40.81238209,-73.81799506,30,41,58
564,40.81624288,-73.81799506,40.81624288,-73.81799506,109,118,266
565,40.82010367,-73.81799506,40.82010367,-73.81799506,136,142,402
566,40.82396446,-73.81799506,40.82396446,-73.81799506,118,136,374
567,40.82782525,-73.81799506,40.82782525,-73.81799506,131,133,337
568,40.83168604,-73.81799506,40.83168604,-73.81799506,70,73,154
569,40.83554683,-73.81799506,40.83554683,-73.81799506,44,62,119
570,40.83940762,-73.81799506,40.83940762,-73.81799506,36,60,103
571,40.84326841,-73.81799506,40.84326841,-73.81799506,42,81,126
572,40.8471292,-73.81799506,40.8471292,-73.81799506,42,56,112
573,40.85098999,-73.81799506,40.85098999,-73.81799506,18,13,37
574,40.85485078,-73.81799506,40.85485078,-73.81799506,0,0,3
575,40.85871157,-73.81799506,40.85871157,-73.81799506,10,15,39
576,40.86257236,-73.81799506,40.86257236,-73.81799506,43,67,119
577,40.86643315,-73.81799506,40.86643315,-73.81799506,63,189,938
578,40.87029394,-73.81799506,40.87029394,-73.81799506,29,138,845
579,40.87415473,-73.81799506,40.87415473,-73.81799506,0,0,0
580,40.87801552,-73.81799506,40.87801552,-73.81799506,0,1,0
581,40.88187631,-73.81799506,40.88187631,-73.81799506,2,8,15
582,40.8857371,-73.81799506,40.8857371,-73.81799506,9,21,36
583,40.88959789,-73.81799506,40.88959789,-73.81799506,9,12,30
584,40.8085213,-73.81214484,40.8085213,-73.81214484,0,0,0
585,40.81238209,-73.81214484,40.81238209,-73.81214484,15,21,33
586,40.81624288,-73.81214484,40.81624288,-73.81214484,48,55,125
587,40.82010367,-73.81214484,40.82010367,-73.81214484,68,74,192
588,40.82396446,-73.81214484,40.82396446,-73.81214484,36,29,101
589,40.82782525,-73.81214484,40.82782525,-73.81214484,32,24,80
590,40.83168604,-73.81214484,40.83168604,-73.81214484,26,23,48
591,40.83554683,-73.81214484,40.83554683,-73.81214484,8,13,18
592,40.83940762,-73.81214484,40.83940762,-73.81214484,7,4,12
593,40.84326841,-73.81214484,40.84326841,-73.81214484,8,7,21
594,40.8471292,-73.81214484,40.8471292,-73.81214484,11,17,36
595,40.85098999,-73.81214484,40.85098999,-73.81214484,0,1,3
596,40.85485078,-73.81214484,40.85485078,-73.81214484,0,0,0
597,40.85871157,-73.81214484,40.85871157,-73.81214484,0,0,0
598,40.86257236,-73.81214484,40.86257236,-73.81214484,0,1,1
599,40.86643315,-73.81214484,40.86643315,-73.81214484,0,1,1
600,40.87029394,-73.81214484,40.87029394,-73.81214484,0,0,0
601,40.87415473,-73.81214484,40.87415473,-73.81214484,0,0,0
602,40.87801552,-73.81214484,40.87801552,-73.81214484,0,0,0
603,40.88187631,-73.81214484,40.88187631,-73.81214484,0,0,0
604,40.8857371,-73.81214484,40.8857371,-73.81214484,0,3,9
605,40.8085213,-73.80629462,40.8085213,-73.80629462,9,9,12
606,40.81238209,-73.80629462,40.81238209,-73.80629462,13,17,17
607,40.81624288,-73.80629462,40.81624288,-73.80629462,31,45,67
608,40.82010367,-73.80629462,40.82010367,-73.80629462,39,46,87
609,40.82396446,-73.80629462,40.82396446,-73.80629462,32,26,52
610,40.82782525,-73.80629462,40.82782525,-73.80629462,6,6,3
611,40.83168604,-73.80629462,40.83168604,-73.80629462,0,0,0
612,40.83554683,-73.80629462,40.83554683,-73.80629462,0,0,0
613,40.83940762,-73.80629462,40.83940762,-73.80629462,0,0,0
614,40.84326841,-73.80629462,40.84326841,-73.80629462,0,0,0
615,40.8471292,-73.80629462,40.8471292,-73.80629462,0,0,0
616,40.85098999,-73.80629462,40.85098999,-73.80629462,0,0,0
617,40.85485078,-73.80629462,40.85485078,-73.80629462,0,0,0
618,40.85871157,-73.80629462,40.85871157,-73.80629462,0,1,1
619,40.86257236,-73.80629462,40.86257236,-73.80629462,5,25,30
620,40.86643315,-73.80629462,40.86643315,-73.80629462,5,26,32
621,40.87029394,-73.80629462,40.87029394,-73.80629462,5,25,30
622,40.87415473,-73.80629462,40.87415473,-73.80629462,0,0,0
623,40.87801552,-73.80629462,40.87801552,-73.80629462,0,0,0
624,40.88187631,-73.80629462,40.88187631,-73.80629462,0,0,0
625,40.8857371,-73.80629462,40.8857371,-73.80629462,0,0,0
626,40.8085213,-73.8004444,40.8085213,-73.8004444,7,6,11
627,40.81238209,-73.8004444,40.81238209,-73.8004444,14,20,27
628,40.81624288,-73.8004444,40.81624288,-73.8004444,7,14,24
629,40.82010367,-73.8004444,40.82010367,-73.8004444,3,8,13
630,40.82396446,-73.8004444,40.82396446,-73.8004444,0,0,0
631,40.82782525,-73.8004444,40.82782525,-73.8004444,0,0,0
632,40.83168604,-73.8004444,40.83168604,-73.8004444,0,0,0
633,40.83554683,-73.8004444,40.83554683,-73.8004444,0,0,0
634,40.83940762,-73.8004444,40.83940762,-73.8004444,0,0,0
635,40.84326841,-73.8004444,40.84326841,-73.8004444,0,0,0
636,40.8471292,-73.8004444,40.8471292,-73.8004444,0,0,0
637,40.85098999,-73.8004444,40.85098999,-73.8004444,0,0,0
638,40.85485078,-73.8004444,40.85485078,-73.8004444,0,0,0
639,40.85871157,-73.8004444,40.85871157,-73.8004444,0,1,1
640,40.86257236,-73.8004444,40.86257236,-73.8004444,0,2,3
641,40.86643315,-73.8004444,40.86643315,-73.8004444,5,26,32
642,40.87029394,-73.8004444,40.87029394,-73.8004444,0,0,0
643,40.87415473,-73.8004444,40.87415473,-73.8004444,0,0,0
644,40.87801552,-73.8004444,40.87801552,-73.8004444,0,0,0
645,40.88187631,-73.8004444,40.88187631,-73.8004444,0,3,1
646,40.8085213,-73.79459418,40.8085213,-73.79459418,0,0,0
647,40.81238209,-73.79459418,40.81238209,-73.79459418,0,0,0
648,40.81624288,-73.79459418,40.81624288,-73.79459418,1,0,0
649,40.82010367,-73.79459418,40.82010367,-73.79459418,0,0,0
650,40.82396446,-73.79459418,40.82396446,-73.79459418,0,0,0
651,40.82782525,-73.79459418,40.82782525,-73.79459418,0,0,0
652,40.83168604,-73.79459418,40.83168604,-73.79459418,0,0,0
653,40.83554683,-73.79459418,40.83554683,-73.79459418,0,0,0
654,40.83940762,-73.79459418,40.83940762,-73.79459418,0,0,0
655,40.84326841,-73.79459418,40.84326841,-73.79459418,0,0,1
656,40.8471292,-73.79459418,40.8471292,-73.79459418,2,1,7
657,40.85098999,-73.79459418,40.85098999,-73.79459418,3,9,19
658,40.85485078,-73.79459418,40.85485078,-73.79459418,7,16,42
659,40.85871157,-73.79459418,40.85871157,-73.79459418,1,3,15
660,40.86257236,-73.79459418,40.86257236,-73.79459418,0,0,0
661,40.86643315,-73.79459418,40.86643315,-73.79459418,0,0,1
662,40.87029394,-73.79459418,40.87029394,-73.79459418,0,0,1
663,40.87415473,-73.79459418,40.87415473,-73.79459418,0,0,0
664,40.87801552,-73.79459418,40.87801552,-73.79459418,0,0,0
665,40.88187631,-73.79459418,40.88187631,-73.79459418,0,0,0
666,40.8085213,-73.78874396,40.8085213,-73.78874396,0,0,0
667,40.81238209,-73.78874396,40.81238209,-73.78874396,0,0,0
668,40.81624288,-73.78874396,40.81624288,-73.78874396,0,0,0
669,40.82010367,-73.78874396,40.82010367,-73.78874396,0,0,0
670,40.82396446,-73.78874396,40.82396446,-73.78874396,0,0,0
671,40.82782525,-73.78874396,40.82782525,-73.78874396,0,0,0
672,40.83168604,-73.78874396,40.83168604,-73.78874396,0,0,0
673,40.83554683,-73.78874396,40.83554683,-73.78874396,0,0,0
674,40.83940762,-73.78874396,40.83940762,-73.78874396,12,22,34
675,40.84326841,-73.78874396,40.84326841,-73.78874396,32,39,82
676,40.8471292,-73.78874396,40.8471292,-73.78874396,33,35,95
677,40.85098999,-73.78874396,40.85098999,-73.78874396,23,34,78
678,40.85485078,-73.78874396,40.85485078,-73.78874396,14,20,63
679,40.85871157,-73.78874396,40.85871157,-73.78874396,1,4,23
680,40.86257236,-73.78874396,40.86257236,-73.78874396,0,0,1
681,40.86643315,-73.78874396,40.86643315,-73.78874396,0,0,1
682,40.87029394,-73.78874396,40.87029394,-73.78874396,0,0,1
683,40.87415473,-73.78874396,40.87415473,-73.78874396,0,0,0
684,40.87801552,-73.78874396,40.87801552,-73.78874396,0,0,0
685,40.88187631,-73.78874396,40.88187631,-73.78874396,0,0,0
686,40.8085213,-73.78289374,40.8085213,-73.78289374,0,0,0
687,40.81238209,-73.78289374,40.81238209,-73.78289374,0,0,0
688,40.81624288,-73.78289374,40.81624288,-73.78289374,0,0,0
689,40.82010367,-73.78289374,40.82010367,-73.78289374,0,0,0
690,40.82396446,-73.78289374,40.82396446,-73.78289374,0,0,0
691,40.82782525,-73.78289374,40.82782525,-73.78289374,0,0,0
692,40.83168604,-73.78289374,40.83168604,-73.78289374,0,0,0
693,40.83554683,-73.78289374,40.83554683,-73.78289374,4,8,21
694,40.83940762,-73.78289374,40.83940762,-73.78289374,13,30,55
695,40.84326841,-73.78289374,40.84326841,-73.78289374,33,39,77
696,40.8471292,-73.78289374,40.8471292,-73.78289374,27,27,72
697,40.85098999,-73.78289374,40.85098999,-73.78289374,10,17,46
698,40.85485078,-73.78289374,40.85485078,-73.78289374,0,0,2
699,40.85871157,-73.78289374,40.85871157,-73.78289374,0,0,0
700,40.86257236,-73.78289374,40.86257236,-73.78289374,0,0,0
701,40.86643315,-73.78289374,40.86643315,-73.78289374,0,0,0
702,40.87029394,-73.78289374,40.87029394,-73.78289374,0,0,0
703,40.87415473,-73.78289374,40.87415473,-73.78289374,0,0,0
704,40.87801552,-73.78289374,40.87801552,-73.78289374,0,0,0
705,40.8085213,-73.77704352,40.8085213,-73.77704352,0,0,0
706,40.83168604,-73.77704352,40.83168604,-73.77704352,0,0,0
707,40.83554683,-73.77704352,40.83554683,-73.77704352,0,0,0
708,40.83940762,-73.77704352,40.83940762,-73.77704352,1,0,0
709,40.84326841,-73.77704352,40.84326841,-73.77704352,0,0,0
710,40.8471292,-73.77704352,40.8471292,-73.77704352,1,0,0
711,40.85098999,-73.77704352,40.85098999,-73.77704352,0,0,0
712,40.85485078,-73.77704352,40.85485078,-73.77704352,0,0,0
713,40.85871157,-73.77704352,40.85871157,-73.77704352,0,0,0
714,40.86257236,-73.77704352,40.86257236,-73.77704352,0,0,0
715,40.86643315,-73.77704352,40.86643315,-73.77704352,0,0,0
716,40.87029394,-73.77704352,40.87029394,-73.77704352,0,0,0
717,40.87415473,-73.77704352,40.87415473,-73.77704352,0,0,0
718,40.87801552,-73.77704352,40.87801552,-73.77704352,0,0,0
719,40.83554683,-73.7711933,40.83554683,-73.7711933,0,0,0
720,40.83940762,-73.7711933,40.83940762,-73.7711933,0,0,0
721,40.84326841,-73.7711933,40.84326841,-73.7711933,0,0,0
722,40.8471292,-73.7711933,40.8471292,-73.7711933,0,0,0
723,40.85098999,-73.7711933,40.85098999,-73.7711933,0,0,0
724,40.85485078,-73.7711933,40.85485078,-73.7711933,0,0,0
725,40.85871157,-73.7711933,40.85871157,-73.7711933,0,0,0
726,40.86257236,-73.7711933,40.86257236,-73.7711933,0,0,0
727,40.86643315,-73.7711933,40.86643315,-73.7711933,0,0,0
728,40.87029394,-73.7711933,40.87029394,-73.7711933,0,0,0
729,40.87415473,-73.7711933,40.87415473,-73.7711933,0,0,0
730,40.83940762,-73.76534308,40.83940762,-73.76534308,0,0,0
731,40.84326841,-73.76534308,40.84326841,-73.76534308,0,0,0
732,40.8471292,-73.76534308,40.8471292,-73.76534308,0,0,0
733,40.85098999,-73.76534308,40.85098999,-73.76534308,0,0,0
734,40.85485078,-73.76534308,40.85485078,-73.76534308,0,0,0
735,40.85871157,-73.76534308,40.85871157,-73.76534308,0,0,0
736,40.86257236,-73.76534308,40.86257236,-73.76534308,0,0,0
737,40.86643315,-73.76534308,40.86643315,-73.76534308,0,0,0
738,40.87029394,-73.76534308,40.87029394,-73.76534308,0,0,0
739,40.87415473,-73.76534308,40.87415473,-73.76534308,0,0,0
740,40.8471292,-73.75949286,40.8471292,-73.75949286,0,0,0
741,40.85098999,-73.75949286,40.85098999,-73.75949286,0,0,0
742,40.85485078,-73.75949286,40.85485078,-73.75949286,0,0,0
743,40.85871157,-73.75949286,40.85871157,-73.75949286,0,0,0
744,40.86257236,-73.75949286,40.86257236,-73.75949286,0,0,0
745,40.86643315,-73.75949286,40.86643315,-73.75949286,0,0,0
746,40.87029394,-73.75949286,40.87029394,-73.75949286,0,0,0
747,40.87415473,-73.75949286,40.87415473,-73.75949286,0,0,0
748,40.85871157,-73.75364264,40.85871157,-73.75364264,0,0,0
749,40.86257236,-73.75364264,40.86257236,-73.75364264,0,0,0
750,40.86643315,-73.75364264,40.86643315,-73.75364264,0,0,0
751,40.87029394,-73.75364264,40.87029394,-73.75364264,0,0,0
